response,c16orf54,mapk10,gpbar1,dok2,dennd2d,c11orf21,nrcam,c1orf21,btbd3,irf8,lilrb2,clip3,mdga2,ndp,arhgap4,moxd1,mturn,igsf1,lyz,cd27,asah2,cd200,hscb,hsh2d,atp2a3
0,-0.775168245,-0.236975651,-0.737312089,-0.731181044,-0.583416466,-0.489510418,-0.225390423,0.9869012643313692,0.6550868253069264,-0.767336856,-0.730512795,0.352893524,1.3831915429354311,-0.229010404,-1.04003094,-0.492202682,0.262586558,-0.34202895,-0.604891672,-0.53223079,1.8272439093731612,-0.818694718,2.4297992580436545,-0.41403415,-0.642689844
1,-0.321291825,-0.179191452,0.2558070117361385,0.021957764,0.3974101619884954,-0.103220572,-0.214684128,-0.464985426,1.574922238352162,-0.307238464,0.7174564731171191,-0.607757598,-0.527701204,-0.229010404,2.367914117351447,-0.493667624,-0.307098856,-0.34202895,-0.605488393,-0.177061413,-0.581828103,-0.73828876,0.7160667628244107,-0.104114646,-0.431282637
1,2.502828121379518,-0.352544048,1.6351390963344266,2.3938559569996034,1.2517344157591244,1.699465374,-0.237787186,-1.066183527,-0.81282209,1.7199277163739952,2.4384792090973963,-0.496053979,-0.578941985,-0.229010404,1.8914657884399133,-0.282715926,-0.801504412,-0.360957591,0.1589115188093459,3.023400069980773,-0.588943733,-0.395063331,-0.998296872,1.6357843242655694,1.7032481927562892
1,-0.314981224,-0.547845417,-0.605935758,-0.067611563,-0.345234843,-0.535334089,-0.488321929,-0.272974976,-0.37392786,-0.157491196,0.6209497029464944,-0.357168979,-0.068119492,-0.38835492,-0.451769464,0.1936669508228201,0.6176155180445815,-0.384667566,-0.060412202,-0.248090234,-0.264445266,0.039046683,-0.408281953,-0.345894242,-0.300956475
1,-0.495651136,-0.590693354,-0.969149417,-0.809350077,-0.66430724,-0.686399368,-0.535939523,-1.222654297,-1.469163902,-0.844644167,-0.973910696,-0.863015111,-0.615000369,-0.38835492,-0.879193377,-0.45647471,-0.875149213,-0.421159921,-0.756014465,-0.526429523,-0.887763294,-0.887108235,-0.846956072,-0.613082953,-0.604796654
0,-0.495651136,-0.590693354,-0.969149417,-0.809350077,-0.541798068,-0.686399368,-0.387447817,2.3539157789771177,0.3433989722389904,-0.844644167,-0.831219764,-1.000348903,-0.615000369,-0.38835492,-0.74489984,-0.462378088,-0.893578407,-0.421159921,-0.719819083,-0.399126353,-0.499697216,-0.60445782,4.374102653911388,-0.613082953,-0.604796654
0,-0.623876105,-0.33660358,-0.599378881,-0.471983921,-0.749775753,-0.489510418,-0.14396623,-0.434051295,-0.761133176,-0.72178256,-0.426757467,-0.645736828,-0.180140876,-0.229010404,-0.946207802,-0.375495608,-0.724189963,-0.266314383,-0.623867407,-0.662841231,-0.246423178,-0.295455952,0.02130864,-0.506466283,-0.69861046
0,-0.134311311,-0.57069765,-0.810243441,-0.430754377,-0.484200472,0.7235432327912336,0.2196765027997144,-0.95546057,-0.839164861,-0.583868663,-0.756017787,-0.828681663,-0.539489264,-0.02784902,-0.37443491,-0.444924621,-0.699048024,-0.421159921,-0.742108337,-0.359025854,-0.449773039,-0.821193711,-1.058762759,-0.194874536,-0.209897338
0,-0.340791211,0.6176184707860922,0.1885941222247326,-0.310994513,-0.494257195,0.1192821183181142,-0.438198147,0.5088597874396817,2.4356799177848845,-0.464901736,-0.333093435,-0.453302633,-0.186536568,-0.38835492,0.8212406491183337,0.9877997172025832,-0.211698221,-0.092728723,-0.593184558,-0.447160567,-0.074922184,-0.067086872,-0.374909252,-0.415595645,-0.120696551
0,0.031723168,-0.035727235,0.1730470866602412,1.8069945484503331,1.4094291563131345,0.1113848972854343,-0.160307418,-0.529543611,-0.638490367,1.9735132985115909,1.301100777639102,1.7067413837799132,-0.038796502,-0.229010404,2.1791708324251498,-0.295412093,1.8210830835184495,-0.171671175,3.2911013216206246,0.023333146,-0.61395625,0.5590073543648714,0.7561441072970002,-0.066054356,0.207030736
1,0.3847381612591922,-0.340588697,1.110992904187077,0.936483459,0.005772674,2.3003606889986843,-0.203696088,-0.809295748,-0.657961943,-0.077948507,0.1704806174235369,-0.301689682,0.2194369877091184,-0.209241797,0.014569999,-0.481459771,3.412133061363042,-0.323100308,-0.20652057,0.3246473874511622,0.061058288,-0.28733135,-0.360846196,0.2329907794919817,0.5930193776973037
1,5.956845726196679,-0.553558476,1.142029978195734,4.390545966835636,5.867077290449448,5.356211777085147,-0.462006943,-0.86043093,-1.132129451,3.660871293684491,1.458873274772602,-0.407524702,-0.508161094,-0.38835492,5.031824635062056,-0.371774059,-0.766621736,-0.311682855,1.5409622407517738,6.895322565999036,-0.419252167,0.1194847460015292,-0.376152361,5.642617940094257,6.757984951074608
1,-0.031071362,-0.516423597,0.3475000982198996,0.5118716517536036,0.013150198,0.068927025,0.8518627135145441,0.6359773574252041,0.087429911,0.538227393,0.7825761067906188,-0.622680976,-0.066484979,-0.38835492,0.359511684,-0.405910988,-0.553662159,-0.402913744,0.4268940197795078,0.1602346838997513,0.222210572,-0.598871843,0.1549421475067659,-0.090322432,0.1013762406133323
1,2.162777571384739,-0.156500925,1.142029978195734,-0.318720956,-0.096559508,-0.182848439,0.4665361331482208,-0.555595592,-0.279240057,-0.489646856,-0.561263948,-0.521969529,-0.395941547,0.2245051107974673,-0.304509655,-0.337123793,-0.533185276,-0.202205789,1.152083788618838,-0.475189997,-0.299476096,0.2770092857736896,-0.847625439,1.8032323411451665,2.313741586733977
0,-0.169999685,-0.079563524,-0.295925822,-0.35461164,-0.760173208,-0.532431512,0.023671813,-0.397737316,3.1214577560959347,-0.7126717,-0.47423915,2.6562221437002846,4.114037009841452,-0.229010404,0.7329088121991437,3.734644302,-0.661117649,-0.360957591,-0.608113967,-0.647490169,0.6749430965142204,0.7426209580290609,-0.20747935,-0.49015473,-0.635870257
0,-0.366601198,0.029173469,-0.719440026,-0.164192098,0.6147250890880391,0.3207024898091539,0.1043918023323916,-0.872155366,-0.913591955,-0.343079602,-0.245512055,-0.446435943,-0.162580734,-0.13600079,-0.071579831,0.2570641044413727,1.1561575266815505,-0.238698144,-0.58006743,-0.292964602,0.6943925943319628,0.4990853709929098,-0.37839952,-0.27619284,-0.138350874
1,-0.495651136,-0.536419301,-0.787542587,-0.751401756,-0.011534486,-0.686399368,-0.532180239,-0.348875272,-1.121837462,-0.061365919,0.022997569,-0.828681663,-0.42600978,-0.38835492,-0.846777695,-0.42439113,-0.940675237,-0.421159921,-0.036051822,-0.578714754,-0.835321932,-0.820076516,-1.344199761,-0.067088631,-0.576921409
1,0.3818884374934191,-0.359314494,0.1431924147975421,0.6509476232107283,0.4849019363302811,0.068927025,-0.077933458,-0.472907464,-0.127220837,1.5641981717387572,0.4240169348171645,-0.176346153,-0.53206585,-0.38835492,0.105520929,-0.232916326,-0.479945382,-0.384667566,1.0656882714825326,1.592418081172325,-0.796515324,0.5987615372232089,-0.512989999,1.6812548864130468,1.2544822441982633
0,-0.392411186,-0.176496629,-0.696739173,-0.27622552,-0.284894505,-0.686399368,-0.292212629,0.2644978567879009,0.045254557,-0.046138153,-0.280201378,-0.503658356,0.8402612232269688,-0.38835492,-0.441118598,-0.363817331,0.9186256901724692,-0.421159921,-0.123236339,-0.12008235,-0.420615642,-0.489386702,-0.19680995,0.2465676807543093,-0.209897338
0,-0.340791211,-0.14221828,0.6426111964966381,0.4230175588782185,0.2380550965796143,-0.082138253,2.5472996671263672,0.2614124788756309,-0.298177617,0.420212201,0.3800527018459637,0.2081884635207885,0.9190583807681604,0.1884545207339056,-0.305343201,-0.294773468,-0.326368763,0.107979232,0.6266096843925425,0.9010254708225198,0.096246421,0.1351254804469919,1.4432336070237073,1.2978971715406715,0.7462235947534949
1,-0.469841148,0.4233744894508096,1.8457564433171876,-0.450070484,0.6951788738956639,-0.686399368,-0.521528936,0.6020382003902346,0.1975519387702298,-0.260278621,-0.222353703,-0.723392423,0.01181842,-0.38835492,-0.730081243,-0.364587337,-0.250604298,-0.402913744,0.1159293331005458,0.2077233129199638,0.310941356,0.5127374977731637,0.8886156470906392,-0.311043541,-0.444049403
1,0.6657982994181223,-0.396449373,0.9377222947733764,0.6702637303575513,1.3177814586001229,0.7235432327912336,0.2723064747521878,-0.880794424,-1.051921101,0.861817435,0.3310750037113806,0.4325003231632354,-0.397065275,-0.38835492,0.8511556921637274,-0.406937662,-0.793241683,-0.402913744,1.3514049531536243,2.2516211756328897,0.5940198276982777,-0.04362577,-0.241322822,3.2146857459025475,1.7989787132560946
0,-0.469841148,0.3519612610187205,-0.651337465,-0.05988512,0.1530300739988291,-0.484978996,-0.260885265,-0.248291952,-0.831782295,-0.145118636,0.085685167,-0.524258425,0.090530446,-0.38835492,-0.429976865,-0.051964936,-0.791193995,-0.421159921,0.3819210108592393,-0.403922954,-0.111840903,-0.215673849,-0.184952601,-0.386553394,-0.411528283
0,-0.392411186,1.4288727457746246,-0.764841734,-0.755264977,-0.516199136,-0.686399368,0.012915899,1.586273754404352,-0.461015078,-0.46395,-0.742519996,1.2450585902353646,-0.290277079,-0.38835492,-0.65320977,-0.05119493,0.5049926645273446,-0.421159921,-0.483513536,-0.531385254,-0.877275021,0.037929488,0.5826195312654983,-0.613082953,-0.541612764
1,0.020548613,-0.510710538,-0.969149417,-0.685726991,-0.63048008,-0.686399368,-0.50210597,0.1929170892232379,-1.030119224,-0.814188633,-0.917991277,-0.730259113,-0.609892515,-0.38835492,-0.851408507,-0.432091189,-0.838290825,-0.421159921,-0.762819591,-0.555254598,-0.639610769,-0.691599055,0.008876814,-0.613082953,-0.579708933
1,-0.211741274,-0.253622916,-0.969149417,-0.044432234,-0.184327274,-0.686399368,-0.481429909,2.1959444298688964,-0.394857661,3.229735150134144,3.952474434247468,-0.810370491,-0.35960768,-0.38835492,-0.262369269,-0.343540509,-0.658094259,-0.421159921,2.2383397540746217,0.1224301888970643,2.0684611582482746,-0.802201391,1.256767223942762,1.402449275596774,-0.449624452
0,-0.495651136,-0.590693354,-0.969149417,-0.809350077,-0.66430724,-0.686399368,-0.535939523,-1.178841931,-1.36767241,-0.844644167,-0.973910696,-1.000348903,-0.615000369,-0.38835492,-0.879193377,-0.462378088,-0.940675237,-0.421159921,-0.711140081,-0.578714754,-0.887763294,-0.887108235,-1.382449275,-0.613082953,-0.604796654
1,-0.495651136,0.5376356549421523,-0.220021245,-0.233730084,0.5470707700452639,-0.686399368,-0.497093591,1.4091730622400565,-0.190371099,-0.717111621,-0.682744065,-0.885904076,2.148348522184328,-0.38835492,-0.452232546,0.3184079089548709,-0.498374576,-0.421159921,-0.276400995,-0.364458972,1.0404007000002258,1.124960531781277,1.2041741415353158,-0.613082953,-0.236843409
1,-0.469841148,-0.090800755,-0.92374771,0.3109841374266459,0.9840811011594072,-0.585689182,-0.46513968,0.959324963,-0.306898368,0.3554941931318194,1.2358704877936824,0.720901286,0.7573096779502434,-0.38835492,-0.465198818,-0.378447444,-0.449230058,-0.421159921,0.4396166473030049,0.3478477309575845,-0.887763294,-0.174337623,-0.019810322,-0.5375731,-0.455199502
1,0.020548613,-0.427871193,-0.537833197,-0.488702698,-0.529912849,-0.686399368,-0.153745679,-0.305679981,-0.928815679,-0.648586671,-0.705940983,-0.65930332,-0.586413414,1.1618204524500688,0.6360081844409731,-0.43568455,-0.649903506,-0.421159921,-0.598017184,-0.47714501,-0.887763294,0.5205578649958951,-0.349712384,-0.584040701,-0.518383392
1,-0.392411186,-0.370740611,-0.628636611,-0.70890632,-0.636879813,-0.535334089,-0.415015897,0.4298741128855707,-0.35844101,-0.711401208,-0.828790162,-0.897348559,0.7178259682834276,-0.38835492,-0.405924429,0.1346331640525081,-0.150267574,-0.421159921,-0.718142457,-0.560710448,-0.850215278,-0.803318586,0.3559433460894052,-0.560806901,-0.582496458
1,-0.314981224,0.2034217458799751,-0.764841734,-0.299404848,-0.455858797,-0.585689182,-0.511504179,-0.800574599,-0.19392706,-0.170815492,-0.178794403,-0.71194794,-0.3703512,-0.38835492,-0.558741213,-0.445181289,2.591586987,-0.421159921,0.6428828126202712,-0.525838473,-0.101981927,-0.818959321,-0.712413405,-0.531764649,-0.557408736
1,3.5048969186651533,-0.162213984,4.660662303803001,3.6179016809627207,1.5262299010562412,2.032775647482992,-0.376169965,-0.208799115,-0.467781178,1.6593717133613506,4.185157065503381,0.5744119078349875,-0.599676808,-0.38835492,1.681645447544674,-0.149755687,-0.686761895,-0.402913744,2.2884412640121137,1.7239495352225636,-0.830497326,0.1362426757645251,-0.163246001,0.6647760969787188,1.1736440312152745
1,-0.422153252,-0.109451903,-0.157992614,-0.031837865,0.1617345057759081,-0.489510418,-0.202850854,0.5289416368040597,-0.704790136,-0.645858733,-0.124411721,-0.793185605,-0.710514279,-0.229010404,-0.751344362,-0.388191775,-0.683498148,-0.34202895,-0.237908108,0.4024862978699654,-0.548406204,-0.607479069,-1.016094999,-0.327039202,-0.506298098
1,-0.185931286,-0.202205392,0.1658932685111373,-0.469386591,-0.409232172,1.3278043472643528,-0.389327458,-0.17732826,1.374988572162515,-0.462046529,-0.464060571,-0.622680976,-0.594807321,-0.38835492,1.0990893461343747,-0.301190183,-0.697000336,-0.402913744,-0.561427301,-0.299466157,0.1261379970265224,-0.719528937,-0.249307409,-0.345894242,0.5250799776276179
1,-0.314981224,-0.187922746,-0.174619537,-0.46552337,-0.502485423,-0.434623903,-0.440077788,-0.409348679,-0.675357592,-0.601951636,-0.586948315,-0.352591186,-0.446475247,-0.20810197,-0.410101421,0.7393444754910092,-0.490183823,-0.402913744,-0.702263829,-0.498013637,-0.811198905,0.3730880830815322,-0.804164428,-0.340085792,-0.129059125
0,-0.134311311,-0.447866897,-0.469730635,-0.527334913,-0.321464407,-0.333913718,-0.496467044,-0.55868097,-0.952684975,-0.568640896,-0.60175732,-0.65930332,0.2064106223316629,-0.20810197,-0.530771111,-0.354320592,-0.772764801,0.5458874965237126,-0.521681418,-0.501991861,-0.567556338,-0.60445782,-0.321025248,-0.572423801,-0.32883172
0,-0.314981224,1.668821193306444,0.4156026593606854,0.3380266874321978,0.3879916955392785,-0.535334089,-0.401858404,-0.65926429,-0.692693843,0.1613401682217287,0.257531326,0.649945493,0.3324554272749301,-0.38835492,0.019184077,1.863809779146388,1.770464000411934,-0.019744012,0.1070530813399665,-0.513631008,0.220847097,0.030701234,0.4239318580743041,-0.560806901,-0.354848617
1,-0.314981224,-0.479288718,-0.356226367,-0.35735317,-0.521684621,-0.333913718,-0.493334308,-0.903626221,1.1537145651477718,-0.488695121,-0.297073616,-0.130568222,2.382271198817523,-0.20810197,0.4285478240023292,1.3104321953342457,-0.647855818,-0.402913744,-0.1766911,-0.253796144,-0.502633932,-0.108423099,-0.377921401,-0.003195679,-0.427324256
1,-0.472583965,-0.175206335,0.7799532038834879,-0.0465094,0.097616864,-0.017378385,-0.230461826,0.1853037958841549,1.8678165192331104,0.5385529684515437,0.5925056925122837,-0.621162032,-0.435993988,-0.229010404,1.4512764937693448,-0.387215147,0.6288128955172593,-0.285243025,-0.159021559,-0.257175893,0.1146411387646024,-0.327858352,0.035887957,0.3417344651333451,0.8167018416649616
0,-0.674306819,-0.282804498,-1.013178506,-0.83388179,-0.768837754,-0.6182737,-0.239477654,1.893405784,-0.726637555,-0.781003145,-0.644856535,-0.453606604,0.3113947704129739,-0.229010404,-0.718145405,-0.40772434,0.5392909018789446,-0.360957591,-0.565269381,-0.371207188,-0.661609409,1.0618446088439264,-0.916248765,-0.201983963,-0.627686752
0,-0.119568972,1.9807420376163576,-1.013178506,-0.604027738,-0.292287714,-0.40366823,6.056105679609282,-0.645882841,0.6148180222789549,-0.4408644,-0.5879712,4.644546558592357,0.6249532698015426,3.7840168189183823,-0.446780022,0.8633573028631246,1.288020303217576,0.3394021501733928,-0.579471347,-0.089036622,0.8667416693132525,4.5313016558581225,-0.763513058,-0.180235226,-0.218511513
0,-0.418221173,-0.299327382,-0.447029782,-0.245319748,-0.313236179,-0.283558625,-0.412509708,1.5449296903799348,1.5167007670535533,-0.038524269,0.065997674,-0.203812911,0.046824244,-0.38835492,0.8156836751780129,1.201348024128234,0.8305750956044478,-0.421159921,0.04886432,-0.34195359,5.368176530309267,5.92108003,3.4268056159670865,-0.357511143,-0.23126836
1,-0.495651136,-0.542132359,-0.787542587,-0.720495984,-0.625908843,-0.686399368,-0.503359064,0.2200684148512134,0.002086842,-0.797057396,-0.844929663,-0.418969185,-0.172898599,-0.38835492,-0.143820492,-0.253193148,-0.41237167,-0.421159921,-0.744376713,-0.574168212,-0.843397901,-0.364260826,0.6623219570593281,-0.607274502,-0.56762966
0,-0.211741274,1.6145471396980564,-0.12921783,0.4577865517424996,2.271341658081402,-0.636044275,1.828649931061045,1.0703985674728147,1.836308753334864,1.8268771466171152,1.144895378,2.5565963001855896,4.1411095670803055,0.332656881,1.0490765806714872,-0.009871279,2.192287779,2.4069976216399978,0.1658335929989139,0.6794270238675028,0.3406231671058184,2.2689685369351222,0.6862757155012648,-0.398170294,0.011246279
1,-0.418221173,-0.230770683,0.2112949759383279,-0.585283234,2.2448284789970714,-0.686399368,0.4565113765858449,-0.211267417,0.092301502,-0.681897411,-0.337740532,1.7715047914370257,2.5149051351282146,-0.38835492,0.7906772924465693,-0.346363864,0.3718929285524281,1.202749893623578,-0.705715705,-0.578714754,-0.584442456,0.3116423406172143,0.7786482929659793,-0.566615351,-0.441261879
1,0.3044584751503184,-0.499284422,0.302098391,1.8446830448843812,1.1395031854468638,0.5221228613001938,-0.431932674,-0.315553191,0.6661419179510468,1.5242252842572677,1.6863303327236026,-0.162612774,-0.304919593,-0.38835492,0.1043910108169481,-0.322750349,-0.395990164,0.4729027857348389,0.7765197141267708,0.7565363726643244,1.8077227069929536,-0.425706569,1.164203398905657,-0.316851991,0.119959738
1,0.1325845945782009,-0.338596138,0.3661535785040015,0.6381622430897046,-0.254163711,-0.317826042,-0.243703823,-0.540303309,-0.354393589,0.8923580022123807,0.1911416180798766,-0.326264479,-0.725523192,-0.229010404,0.8335449534125227,-0.489761111,-0.736397507,-0.360957591,0.2605928185614972,0.5880354778334888,-0.606517182,-0.492270533,-0.688849281,0.2166792266457772,0.1906637260481628
1,-0.056881349,-0.573554179,-0.74214088,-0.523471691,-0.467744016,-0.333913718,-0.467645869,-0.651242308,-0.613958998,-0.500115946,-0.58856805,-0.457880426,-0.547729935,-0.28020315,-0.385548858,-0.25088313,-0.383704034,-0.366421388,-0.476511159,-0.407173732,-0.887763294,-0.396659491,-0.638448407,-0.520147749,-0.50072907
1,3.711376818246756,-0.236483741,1.0739274170549482,4.413725295411823,2.2366002510053824,2.2845511118467914,-0.217026955,1.975648446932821,0.6621574371397867,4.283306255896254,1.8138266083400847,3.323376636718444,-0.369397734,-0.38835492,3.698826987881132,0.2706675422623577,0.8469566015705913,1.2939807821096705,1.9831968284677477,1.6162874255817186,0.8655611995003788,0.5898239746829443,1.616408283823498,0.2117169794022751,2.5850606464010197
0,-0.263361249,3.328464622068196,-0.310824659,-0.450070484,-0.406489429,-0.636044275,-0.024676938,-0.194606377,2.038291859,-0.39542505,-0.235176604,0.4599670814868003,0.3487154284529417,3.5772099867086955,0.1155049586975897,-0.063515025,0.2162686218740644,-0.384667566,-0.48025891,-0.524315381,0.000383611,0.4780038953510612,1.294634243276123,-0.444637896,-0.476570523
1,-0.495651136,-0.576410709,-0.969149417,-0.805486856,-0.657907507,-0.686399368,-0.049112283,-0.60619579,-1.169951947,-0.838933754,-0.973910696,-0.924815317,-0.451906598,-0.38835492,-0.757866112,-0.461608082,-0.656046571,-0.421159921,-0.799508098,-0.562801857,-0.887763294,-0.595609633,-0.961704616,-0.613082953,-0.589000682
0,-0.469841148,3.1113684076346444,-0.151918683,-0.697316656,-0.50339967,-0.484978996,-0.231437543,0.1423168914620105,-0.584488876,-0.618131138,-0.619612969,-0.826392767,-0.149198157,-0.38835492,-0.710631834,-0.102271989,0.6995230478752992,-0.421159921,-0.382127016,-0.449161045,-0.457219712,-0.7284665,-0.245386833,-0.485297048,-0.516525043
1,-0.082691337,-0.530706242,1.7776538821764016,0.5234613160416973,0.3898201906485428,1.831355275991952,-0.338577128,0.4829426129766141,-0.223457325,0.5934280471883033,0.814990087,-0.384635737,-0.493263188,-0.06389961,0.1608869125435431,-0.382040805,-0.535232964,-0.220451967,-0.108048086,0.1659405938490445,0.1163839037172927,-0.429058155,0.462563868,0.5253732915705822,0.1589850820494852
0,-0.495651136,0.3034002656848999,-0.106516976,-0.299404848,0.132916628,-0.686399368,-0.514636915,4.096537223827192,-0.813604041,-0.419218436,-0.910046863,-0.592925321,-0.615000369,-0.38835492,-0.549479589,-0.429781171,-0.025358591,1.4217040259901996,0.1242138347437532,-0.219537952,0.8995432019970498,0.3574473486360694,-0.780019422,-0.28200129,-0.135563349
1,-0.495651136,-0.316466557,3.6618247404048088,-0.453933706,-0.557340276,1.6299349045009122,-0.139961639,-0.722206,-1.19400919,-0.34974175,-0.659547147,-0.691347872,-0.571464429,-0.38835492,-0.485574389,-0.383067479,-0.723620283,-0.421159921,-0.52759892,-0.133153658,-0.887763294,-0.832365665,-1.382449275,-0.613082953,0.073500995
1,-0.495651136,0.1434346339970202,-0.969149417,0.4809658803186871,-0.121244192,-0.484978996,-0.426293748,-0.273592051,-0.747446623,0.4135500535216016,-0.617183367,-0.71194794,0.4133808572216204,-0.38835492,-0.359616313,-0.266796586,0.525469547,-0.421159921,0.1831915964418246,0.4121130991912565,-0.121804762,-0.569824765,-0.16802719,-0.264575939,-0.110475628
1,-0.119568972,0.4006430914581147,-0.654552164,-0.149210147,1.6052479000780049,-0.532431512,-0.121990151,-0.392357467,-0.280731004,-0.164501669,-0.171487907,-0.509458413,-0.402618575,-0.011555727,0.052647759,0.1133068215153692,-0.608218289,-0.360957591,0.2307567564276499,-0.239296422,-0.481885845,0.0561701,0.1073329243391751,-0.41403415,-0.349447589
0,-0.289171236,-0.479288718,-0.583234904,-0.562103906,-0.571968237,-0.585689182,-0.49270776,-0.9875485,0.1911993231371834,-0.624793286,-0.408025457,2.746574712,4.7005727908586135,-0.38835492,0.7147319819288515,2.223145872530897,0.040167433,5.545340185561576,-0.615473812,-0.432816227,1.863834964201963,1.7740510112679804,0.5560839305962867,-0.531764649,-0.514666693
1,0.4851283872842203,-0.564984592,0.052389,0.001926423,-0.001477763,-0.182848439,-0.450102545,-0.514251528,-0.961864316,0.1956026432058624,-0.085447539,-0.331991117,-0.451225551,-0.0999502,-0.320523002,-0.278346675,-0.051978538,0.4911489634320572,0.2406899828464662,-0.054021098,-0.810569609,-0.611160992,-0.880711269,-0.427212545,0.1273931367457885
1,0.3044584751503184,-0.544988888,0.4837052205014711,0.9097834589781548,-0.144100381,0.018571933,-0.231437543,-0.293955545,0.5635528138935877,1.081668315712208,1.216375821331453,-0.727970216,-0.294840095,-0.38835492,0.1673700488072507,-0.441074591,-0.416467046,-0.421159921,5.043728435515495,-0.112921547,1.0147044326802122,0.3742052783990652,0.6737011876165754,0.1071648753461728,-0.145784273
1,0.7948482366566236,1.3060419928714313,1.8911581507443775,0.7320752732273844,0.8039743328968836,-0.03178316,-0.374290324,-0.040337481,-0.268557137,1.1454345885993458,1.509374295,0.6179009418472986,-0.380039096,-0.167004297,1.5206043427541769,-0.310430254,-0.211698221,-0.220451967,0.5780861747680421,0.3321621617742688,-0.155157468,-0.251424099,0.1056480857230595,0.5834577938239724,0.2351774207231067
1,1.3429217146469588,-0.288782174,-0.26833918,-0.227458335,1.7404148205528711,0.7981224005680227,-0.236660207,-0.781051541,-0.047703355,1.6318560770687225,-0.483333852,0.073634477,-0.688188833,-0.169704583,0.6444552445922037,-0.467786976,-0.573630246,-0.360957591,-0.405706121,0.9025696921847368,-0.773518863,0.515804154,0.2571022762028833,0.782146392,1.0144698738314886
0,-0.366601198,-0.436440781,-0.378927221,-0.65482122,-0.221811423,-0.434623903,0.4283167487541627,-0.503144168,1.651067985052891,-0.677138733,-0.702026623,1.5380373456867238,-0.168454766,-0.17205138,-0.507468867,-0.461351414,3.750578534069536,-0.329929033,-0.70680058,-0.521860248,0.023772459,-0.680427101,1.8020618647217823,-0.54338155,-0.537896064
1,-0.418221173,-0.496427893,0.2112949759383279,-0.635505113,2.4404774556883404,-0.686399368,-0.415642444,0.1515730251988203,0.2660699729472547,-0.766601863,-0.9257043,-0.123701533,-0.229987378,-0.38835492,-0.630981874,-0.441074591,-0.637617377,-0.421159921,-0.717057582,-0.554959073,-0.697296267,0.1094299881437318,-0.604597586,-0.572423801,-0.532321015
0,-0.119568972,-0.332618462,-0.489032314,0.9951695999571772,-0.515833006,-0.146141666,-0.244267312,-1.067528489,-0.67839189,0.2242283247241048,1.3045378412996895,-0.482649545,-0.718006207,5.709083769301419,-0.130668218,-0.394539859,-0.779123914,-0.360957591,0.024887928,-0.131802873,0.066341105,-0.671083781,-0.290789735,-0.305290464,-0.395820783
0,-0.211741274,4.436797927334219,-0.401628074,-0.318720956,-0.145014629,-0.333913718,2.804184054037249,-0.19275515,0.478758551,-0.247906061,0.182984956,2.481062714795786,-0.430521717,2.351489924547601,-0.379991884,-0.407707668,1.512455281445173,2.352259088548342,0.071646699,0.7020460692840231,-0.431838093,0.8992870776395999,-0.23974503,-0.03223793,-0.234055885
0,-0.495651136,-0.450723427,-0.969149417,-0.797760413,-0.656079012,-0.686399368,-0.429426485,-1.015316901,-1.051921101,-0.817995575,-0.966197672,-0.473902702,-0.374931242,1.2699722226407533,-0.800488102,0.9059224216385418,-0.807575501,-0.421159921,-0.764792092,-0.578714754,-0.514380797,-0.146642351,-1.10045473,-0.613082953,-0.564842135
0,0.4351688745953903,-0.260886354,0.035113878,-0.119867076,-0.401460996,-0.060299479,-0.063669016,0.9465523984699322,0.041367771,0.584107265,0.1881486693866684,-0.105091313,0.2813017739477613,-0.209241797,-0.204283296,-0.031234157,0.3399010069572438,0.055472525,0.020352846,-0.237923856,-0.228095041,-0.234251417,-0.475082406,-0.142174936,0.065183319
1,-0.082691337,-0.302183911,-0.583234904,-0.480976256,-0.455858797,0.270347397,0.9922093053878066,-0.643837401,0.2127982162895416,-0.022344767,-0.347015442,-0.370902358,-0.237717263,0.152403931,-0.314234359,-0.40924768,0.060644315,-0.366421388,0.028547566,-0.29169157,-0.707679657,-0.509496218,-0.28822629,-0.29361819,-0.360423666
0,-0.418221173,-0.587836825,-0.583234904,-0.334173841,-0.612195129,-0.535334089,0.9320607660135511,-0.398858394,-0.638715405,-0.5553166,-0.40578868,-0.796637112,-0.327785751,-0.38835492,-0.489964399,-0.451854674,-0.740001789,-0.366421388,-0.599792434,-0.497081596,-0.698240212,-0.793263828,-0.373188024,-0.485297048,-0.513737518
0,0.4855995879315885,-0.003846298,0.035113878,-0.1296481,-0.346007901,0.4547536489267286,-0.166505799,0.134195232,-0.317751675,0.069343718,0.032341553,0.4020431160305089,-0.061372514,0.4628908416710004,0.1919390330260205,-0.134756749,-0.280649176,-0.266314383,-0.172149427,-0.528727136,0.1793286843966537,0.069371078,-0.083839164,-0.163923673,-0.136676465
1,-0.775168245,-0.344573814,-0.847658656,-0.731181044,-0.671794837,-0.532431512,-0.252156161,-0.538958346,-0.095834244,-0.982960524,-0.75785483,-0.569778368,-0.21336595,-0.229010404,-1.040449536,-0.49317931,0.4395959544180941,-0.360957591,-0.720416904,-0.735587201,-0.92154553,2.7416930663669503,-0.040164326,-0.522777836,-0.783173343
0,-0.825598959,-0.340588697,-0.847658656,-0.819210255,-0.904004675,-0.532431512,-0.085645096,-0.181198402,-0.367713226,-1.010293102,-0.834841194,-0.761908592,0.8819840422746079,-0.229010404,-1.101246929,-0.488784483,1.6990076376480208,-0.360957591,-0.758845752,-0.809633496,-0.306043533,-0.412020588,-0.801823213,-0.560838126,-0.825454784
0,-0.366601198,0.3405351444695862,-0.605935758,-0.674137327,-0.600309911,0.018571933,-0.455741471,-0.978292366,0.059854296,-0.701883854,-0.56859132,2.199528441979245,-0.603082044,-0.28020315,-0.619867926,2.997515153774512,-0.496326888,-0.366421388,-0.328672255,-0.498695618,-0.594616081,-0.28717435,-0.146511838,-0.560806901,-0.486791447
0,-0.270861112,-0.324648228,-0.709725447,-0.564903644,-0.872812309,-0.6182737,0.029306705,-1.151588626,1.8040188445484928,-1.049773492,-0.847141248,0.973965644,-0.685808455,1.115254872916022,-0.803279077,-0.200190841,-0.829988683,5.279777624,-0.670172976,-0.628599334,-0.85082048,0.898632517,-1.281993979,-0.495591914,0.6530317460788705
1,0.6368917279401832,-0.346566372,1.4420326044906662,1.0587462525500146,-0.144990429,0.068463803,-0.246239524,-0.55375293,-0.181530986,0.6904006224261519,1.4865284311931484,-0.339668913,0.3257772683072553,-0.031324334,-0.263464044,-0.270996387,-0.250130315,-0.285243025,0.1671462719582876,-0.295860567,-0.287607582,-0.307456841,-0.587298971,-0.26179299,-0.117581621
0,-0.220430399,-0.296752408,-0.654552164,-0.447531363,0.6070921796482238,-0.18906276,-0.237505441,3.7407113593744414,0.4573065734106731,0.2682641443767412,-0.362804912,0.3573616685048445,0.2316395599643711,-0.229010404,-0.394816437,-0.150382801,-0.246061133,-0.360957591,0.060691202,0.7236666187256496,1.550057776339821,1.8383021354500089,2.0826726523755577,0.8637041562118896,0.6448482412995659
1,-0.371722539,-0.370477075,0.5592600703477619,-0.388845222,-0.590348103,0.8410434945231844,-0.21665634,-1.075598262,-0.432555353,-0.692931505,-0.585982337,-0.710524927,-0.566062884,0.4628908416710004,-0.934660339,-0.502945592,-0.638737151,0.6801177,-0.504523159,-0.088241979,-0.686837552,-0.583477291,-0.702103206,-0.218295516,-0.708157882
0,-0.775168245,-0.352544048,-0.875245298,-0.83388179,-0.404926815,-0.532431512,0.002822712,0.2949182148077253,0.1436896692243233,-0.580564241,-0.576366283,0.7840694923749406,-0.698587329,-0.229010404,-0.748457496,-0.44337127,3.2514003909669773,-0.360957591,-0.742137558,-0.650307541,0.4442241837599039,-0.277454618,1.4938197013058585,-0.365099492,-0.300346561
0,-0.825598959,1.514483332192614,-1.068351789,-0.325268569,-0.813893395,-0.6182737,0.3358448421548217,0.6815948459798294,-0.639368396,-0.931332322,-0.762257361,-0.357541492,0.03005908,-0.090630155,-0.99528452,-0.434581616,-0.667221421,-0.360957591,0.056872186,-0.613645594,0.045748903,0.3909949065675737,1.9633242139540357,-0.473843177,-0.650873349
1,2.0489517013537344,0.3129705143698893,3.262750956160407,3.469768539339932,1.879047559501452,1.742386467581582,-0.170450224,-0.510041659,-0.884412986,1.9325144319384469,3.8357228245117816,-0.147538689,-0.70798356,-0.169704583,1.6650489050387285,-0.174798507,-0.126020278,-0.133813891,4.090588442559195,2.0674443376633485,0.1387911558005681,-0.590677824,-0.690174674,4.381562386709996,2.2992801241823044
1,-0.523014679,-0.175206335,0.090287162,-0.481764945,-0.741111207,-0.40366823,-0.092406967,-0.042667296,-0.817447522,-0.395310103,-0.6429256,-0.281583031,-0.70798356,-0.130167369,-0.778769587,-0.462903835,0.2402060594963933,0.8315468334386208,-0.646662159,-0.649585138,0.1783583712121729,-0.480269644,-0.918836436,-0.397722597,-0.32762491
1,-0.623876105,-0.328633345,-0.516618956,-0.613808762,-0.73244666,-0.532431512,-0.207358768,-0.251808918,-0.767916377,-0.774929238,-0.66036194,-0.239135656,-0.213190553,-0.229010404,-0.91012198,-0.503433906,-0.68960192,-0.2284571,-0.633056914,-0.552494191,-0.35908732,-0.731088227,-0.911136537,-0.430345703,-0.398548618
0,-0.392411186,-0.310753499,0.7334146113510192,-0.310994513,-0.398261201,-0.686399368,0.06805206,-0.35751433,0.8816797761752407,-0.570544367,-0.634556952,-0.233568566,0.7659249246477029,-0.38835492,-0.409629079,-0.123318817,-0.017167838,2.096812600787284,-0.527105794,-0.517200043,-0.375725836,-0.698302226,1.605124677052446,-0.433020996,-0.375290464
0,0.020548613,-0.116509517,-0.56053405,0.110096623,0.2737107512102662,1.076028882900553,-0.455741471,-0.770337895,-0.517038382,0.759981745,-0.254941226,0.1784328086702599,-0.606487279,0.9455169120686991,-0.227175101,0.4439188730013169,-0.545471406,-0.329929033,-0.010310692,0.5770389027056851,0.8067219914737359,1.664565870149741,-0.187582255,1.472150678300842,0.4256582674071605
0,-0.825598959,-0.179191452,-0.516618956,-0.69205695,-0.649267017,-0.274904948,-0.2422951,-0.46162302,0.5759781677979359,-0.806817246,-0.469604907,-0.592119091,0.2909235146993364,-0.18947319,-0.868262426,-0.460462264,-0.126020278,-0.323100308,-0.754668704,-0.515940605,1.016924587755665,-0.565475957,-0.018326907,-0.495591914,-0.653601184
1,-0.775168245,-0.053660263,-0.461445672,-0.545341597,-0.75670739,-0.017378385,-0.069867398,0.551133513,0.5416661864235248,-0.700523888,-0.45118379,1.4297164091207932,-0.640330696,-0.229010404,-0.328418524,-0.475600002,-0.711982418,-0.34202895,-0.22000647,-0.606818887,-0.192624703,-0.156245638,-0.10914785,-0.479280361,-0.679515615
0,-0.495651136,-0.447866897,0.097790707,-0.701179877,-0.543626563,-0.686399368,-0.490201571,0.8328244682280276,0.5621695224421311,-0.699028648,-0.700098368,-0.22441298,1.9287789146538168,-0.38835492,-0.781946333,1.982390689963276,-0.252651986,-0.421159921,-0.708970331,-0.497172527,0.170713155,-0.011227106,-0.067813462,-0.462063247,-0.474712174
1,-0.472583965,-0.360514282,-0.709725447,-0.784976673,-0.782701028,-0.317826042,-0.243422078,-0.777016655,-0.167872763,-0.779484668,-0.504342421,-0.598821309,-0.664334934,-0.169704583,0.6762107682108832,-0.479994829,-0.005979423,-0.360957591,-0.662057567,-0.635570522,-0.880468938,-0.776691606,-0.98428558,-0.2237327,-0.611319742
1,0.8890452946211743,-0.312692877,0.4765001452718646,1.2005710929494215,0.000573947,4.661020856532582,-0.256100586,-1.168400654,-1.000909594,1.584783304336594,0.9327170668712074,-0.746270085,-0.700466575,-0.229010404,0.656002708,-0.459485636,-0.899164769,-0.360957591,0.1087869344244825,0.7869491110939763,-0.92154553,-0.855897474,-1.16712663,0.5265987307236629,1.524575005074806
1,0.8386145812849763,-0.28081194,-0.26833918,0.4131987031458177,0.4771239868839293,-0.231983854,-0.237505441,-0.51071414,-0.847684991,0.2181544185651204,-0.122886283,-0.332966696,-0.715500545,-0.229010404,0.6561181823576095,-0.242185855,-0.170781275,-0.360957591,1.624816923569527,0.5307128092327272,-0.343670122,0.013818962,-1.019250696,0.010066224,0.2493121769665122
0,-0.444031161,-0.310753499,-0.832944295,-0.65482122,-0.620423357,-0.585689182,0.210278294,1.8966627723787104,0.8690722774573484,-0.758036244,-0.896780462,1.9981055476064364,-0.17204729,0.04425216,-0.395912615,5.896587421473098,0.081121198,-0.421159921,-0.75848009,-0.528157209,-0.618004928,0.4501745599913128,-0.306442621,-0.578232251,-0.578779758
0,-0.495651136,-0.576410709,-0.674038319,-0.73594887,-0.557340276,-0.585689182,-0.511504179,-0.599407959,-0.164208847,-0.775167481,-0.829291508,-0.810370491,-0.309891237,-0.38835492,-0.777315521,-0.461608082,0.048358186,-0.384667566,-0.751083214,-0.449570234,1.8217769919761444,-0.843537618,-0.34631774,-0.531764649,-0.554621212
1,-0.495651136,-0.419301606,0.1885941222247326,-0.38439572,-0.553683286,-0.686399368,-0.392460195,-0.601876261,-0.869236414,-0.228871352,-0.453416599,-0.721103526,-0.615000369,-0.38835492,-0.633760361,-0.417461077,-0.909959913,-0.421159921,0.075493075,-0.412765978,-0.887763294,-0.815607735,-1.057328402,-0.252959039,-0.471924649
0,0.6873224412763814,-0.007831415,2.462738347,1.0978703464532993,0.4805898053576437,0.4118325549715667,-0.219473786,0.5141470526548662,-0.39769819,1.4025661195670642,0.6743387025885151,0.2657647010772321,-0.712994884,-0.070861548,0.4498516221253688,-0.009748336,-0.288787539,-0.360957591,1.6624103618581745,0.2403068511041061,-0.000287067,0.2877512573961343,-0.263524518,-0.14761212,0.3966152629939943
0,-0.825598959,-0.05764538,1.4420326044906662,-0.506217504,-0.862414853,0.4118325549715667,-0.256100586,-0.656642538,-0.803496622,-0.837186777,-0.799640255,-0.739567868,1.0284399659541814,-0.229010404,0.7483824127987913,-0.483901342,2.614573481676239,-0.360957591,-0.789875257,-0.713734514,4.428545744390051,-0.803093562,-1.148192451,-0.093240277,-0.678151698
1,-0.270861112,-0.28081194,-0.185579255,-0.300816011,-0.380666085,0.6693591187025374,-0.08649033,-0.086378568,0.4653408222690399,-0.393791627,-0.230477961,0.073634477,-0.702972237,-0.229010404,-0.615806013,-0.041488753,-0.138227823,-0.266314383,-0.076315995,-0.297774935,-0.239523174,-0.67228387,0.028440514,-0.419471334,0.058363732
1,-0.371722539,-0.362506841,-0.792485373,-0.990378166,-0.909203403,-0.489510418,-0.24595778,-1.191937492,-1.135270929,-0.925258416,-0.886223365,-0.920527731,-0.600240109,-0.229010404,-1.221903484,-0.508317047,-0.840161636,0.2258303001891095,-0.55989889,-0.811258903,-0.748937595,-0.852297207,-1.621546914,-0.484717546,-0.804996022
1,0.4351688745953903,-0.362506841,1.8834188715621183,1.6358266376234634,-0.422255907,-0.317826042,-0.240886377,-0.906805507,-0.144688216,0.6873636693466597,2.0356476243379964,0.9091775454468014,-0.68132332,-0.229010404,0.557849271,0.055685756,0.195445063,-0.34202895,1.2152274625960722,-0.121580872,1.9631955677765225,-0.414540774,0.1253203939056126,-0.093240277,-0.131220795
0,-0.573445392,-0.352544048,-0.792485373,-0.423078804,0.2553116045662001,-0.6182737,-0.061978549,0.1792514660049393,2.228950266667515,-0.894888885,-0.516545928,-0.26147638,0.5983681996520085,-0.209241797,-0.957755265,-0.424815334,0.3643160961313295,-0.34202895,-0.675782155,-0.447312331,2.3450677121577312,-0.418333055,-0.138369599,-0.446657256,-0.71497747
0,-0.495651136,-0.379310198,-0.696739173,-0.720495984,-0.562825761,-0.686399368,-0.519649294,-0.746889023,-0.266301771,-0.788491777,-0.919919532,-0.773748147,-0.492922664,-0.20810197,-0.779167846,-0.244979752,-0.455373123,2.8084135309788048,-0.761241591,-0.51549509,-0.26150855,-0.420120592,-0.402305467,-0.584040701,-0.56948801
1,-0.371722539,-0.256901237,-0.047646047,-0.359502151,-0.164052431,-0.489510418,0.3583844110360882,-0.408497013,-0.155878777,0.1118610607828947,-0.200239524,-0.136368327,-0.185227369,0.008212881,-0.575245549,0.3823678991342579,-0.231818998,-0.34202895,-0.27729171,0.2394038475029598,0.7327306372788528,-0.650790278,-0.197633577,-0.365099492,-0.274432129
0,0.8890452946211743,-0.240960768,-0.240752539,-0.369283175,-0.009823509,0.4976747428818903,-0.192144559,0.820798433,0.2132720030869647,-0.223722255,-0.264636195,-0.341902985,-0.722416171,-0.18947319,-0.415024498,-0.334477222,-0.559388111,-0.247385741,0.1781259428235434,-0.235684407,0.2909147006119422,0.096973123,1.0737965084474606,-0.087803093,-0.14485997
0,-0.825598959,-0.344573814,-0.26833918,-0.638261321,-0.784433938,-0.18906276,-0.238350675,0.9620194637168163,0.1133603797839883,-0.600304436,-0.56729089,1.6486555019965496,-0.367213575,-0.110398762,-0.703711076,0.1611616048305254,-0.229784407,0.755832267,-0.600714623,-0.541549787,-0.33687793,-0.333918801,-0.565650893,-0.501029099,-0.218511513
1,0.8464682115520243,-0.590693354,-0.492431489,-0.434617598,-0.46591552,0.068927025,-0.346095696,-1.021487657,-1.355643789,-0.481081238,-0.341384935,-0.846992835,-0.615000369,-0.38835492,-0.261443107,-0.460838076,-0.514756082,-0.421159921,-0.662616571,-0.114671966,-0.707155243,-0.604189693,-0.560084714,0.1303986762475289,0.2909279124355127
0,-0.289171236,-0.419301606,0.4156026593606854,0.2182668231218961,-0.313236179,-0.132493346,1.5686328077244205,1.3129092713772337,-0.063957807,0.3745289014563381,0.3857217739922502,-0.203812911,0.3341069666615973,-0.38835492,-0.179913038,-0.184662622,-0.574139041,-0.421159921,-0.195627104,0.8733824967255461,-0.412959203,2.087982895494768,0.3618242089404199,-0.392361844,-0.253568557
0,-0.289171236,-0.445010368,1.0285257096277578,0.2530358159861772,-0.285808752,-0.03178316,1.0774197361680018,-0.814767337,-0.619018537,0.7104915033840933,0.1041000097183968,0.615612045,-0.498660486,4.318049612514886,0.4176468934560666,-0.124858829,-0.074503109,0.1262254094876876,0.6224674335709387,-0.198169206,0.3376864508406739,0.02787473,0.017913262,0.176866278,-0.117909027
0,0.2012185253595172,0.28911762,0.3702009519334949,0.6084521874877179,-0.049018636,0.5724779541729539,0.1990004423898141,-0.629644662,0.5668080595375037,0.2527067681794185,0.4673834084804234,0.6705455619674648,-0.583689225,-0.004416136,0.4081722528878196,0.2681008558810397,0.3800836815354999,1.4034578482929814,-0.40204927,0.122134664,-0.765784686,0.943907859,-0.715043059,-0.403978744,-0.138350874
1,-0.314981224,0.2148478624291093,0.1885941222247326,-0.515745248,-0.272095039,-0.535334089,-0.445716714,0.3990203337628712,0.773128987,-0.523909331,-0.467357889,0.3569667377734319,0.330429312,-0.38835492,0.031224187,2.2028690501184847,0.4148943817135549,-0.384667566,-0.675536449,-0.425064374,1.4258447098004277,-0.585532531,0.509515147,-0.456254797,-0.457987026
0,-0.825598959,-0.240960768,-1.040765148,-0.902348954,-0.905737584,-0.6182737,2.2793191689420387,2.745439335,2.591547395,-1.122660366,-0.88429243,-0.545203572,0.4153045592066766,0.3442792,-0.80042108,-0.252928765,-0.494281206,-0.077027966,-0.77197362,-0.793523912,-0.192193453,-0.678284315,1.5341495014916606,-0.533652204,-0.70406613
0,-0.825598959,1.0004032210843836,-0.764898731,-0.711618997,-0.760173208,-0.6182737,-0.248775226,1.4509132217378942,-0.46041698,-1.061921304,-0.876568692,0.442256419,2.945847433,0.027981488,0.7931288324432942,-0.441418014,-0.455623982,3.708700366,-0.807896239,-0.728543773,0.7448056457968357,-0.749089561,0.017963602,-0.539089389,-0.826818702
1,2.7549816880605094,-0.199117038,1.8834188715621183,2.0319580883942203,2.471702518506634,1.098570058254155,-0.199751663,0.044082765,-0.688721639,1.832294980315205,0.4699878895548305,-0.310625972,-0.674056902,-0.209241797,1.2911131800998594,-0.147452916,-0.514627114,-0.285243025,0.7445337463724989,3.604211986238016,-0.438760814,0.5614075321905471,-0.308777205,4.022708224093497,3.743668717729559
1,0.9394760079573728,-0.348558931,-0.020059405,0.7995491304407538,1.0576485812311112,2.214518501088361,-0.241449866,-0.68219682,0.4561817785705016,0.9181721033880642,0.7251415929874212,-0.654673118,0.2786457725944619,-0.229010404,0.084403283,-0.395028173,0.1791683365611787,-0.323100308,-0.448789395,1.5414628000677035,-0.5252265,-0.636281203,0.036834666,1.8206485898558875,1.0240172960740104
0,-0.263361249,-0.305040441,0.3247992445063043,-0.322584177,-0.539969572,-0.535334089,0.2378463740690207,1.7899086966141695,3.158975953353413,-0.481081238,-0.345781358,-0.100812568,-0.348762004,-0.35230433,-0.589851005,-0.445951295,4.123257794799303,-0.384667566,-0.593283183,-0.444955494,-0.702855052,-0.337448139,-0.002454605,-0.415595645,-0.250781032
0,-0.069138259,6.292638783500896,-0.047646047,0.041519811,0.056027042,-0.231983854,2.662210095312556,0.4838854032587883,2.2780050946970296,0.7648059728737099,1.898087840528871,-0.402222939,-0.710489222,-0.149935976,-0.583906146,3.092511239941577,-0.362032807,-0.152742533,-0.06831993,0.5171677552155342,-0.250412244,1.2466583014209538,1.936753250138349,-0.104114646,2.0946925046996907
1,0.5109383747319206,-0.43929731,0.4837052205014711,-0.14101277,-0.498828432,1.076028882900553,-0.331685108,0.074438577,1.197431085746784,-0.310720598,-0.002224017,0.8445016980167093,-0.413274197,-0.38835492,3.084355332806923,-0.455704704,0.081121198,-0.421159921,-0.016819943,-0.426201009,-0.139634825,0.6993091158011836,1.4358705754866652,0.1652493775995629,-0.029637415
0,-0.031071362,-0.013674469,0.4610043667878759,0.164181723,0.2737107512102662,0.018571933,-0.427546843,0.7057068982425053,0.385175878,0.7038293554705118,0.5355279695857843,0.002187776,0.6622525192310402,-0.35230433,-0.117489697,-0.071215084,0.013547486,-0.329929033,0.3676203830227504,1.016234839838526,0.7099152374477261,0.3496269814133381,0.4409050801239799,1.3211309724420277,0.3503951035954125
1,0.2270285128072174,-0.382166727,-0.74214088,0.1950874945457086,0.2590827903361526,-0.283558625,-0.465766227,-0.833279604,-0.452166524,0.5134822722253247,0.6222801994706227,0.027365638,-0.597991216,-0.38835492,0.975187351,-0.345080521,-0.217841286,-0.421159921,2.941536143551627,-0.260502294,-0.304929998,-0.258127271,-0.656234431,-0.078705532,-0.155076021
